CompanyName,MarketCap,EmployeesTotalAmount
Apple Inc.,2.825,NAN
Microsoft Corporation,2.328,NAN
Saudi Arabian Oil Company,2.297,NAN
Alphabet Inc.,1.825,NAN
"Amazon.com, Inc.",1.642,NAN
"Tesla, Inc.",1.016,NAN
Berkshire Hathaway Inc.,798.47,NAN
Nvidia Corporation,660.38,NAN
"Meta Platforms, Inc.",617.50,NAN
Taiwan Semiconductor Manufacturing Company Limited,527.89,NAN
UnitedHealth Group Incorporated,488.52,NAN
Visa Inc.,486.77,NAN
Johnson & Johnson,475.93,NAN
Tencent Holdings Ltd,441.17,NAN
Walmart Inc.,429.05,NAN
JPMorgan Chase & Co.,410.84,NAN
The Procter & Gamble Company,384.60,NAN
"Samsung Electronics Co., Ltd.",378.35,NAN
"LVMH Moët Hennessy - Louis Vuitton, SE",359.26,NAN
Mastercard Incorporated,358.60,NAN
Bank of America Corporation,350.84,NAN
Roche Holding AG,349.50,NAN
Exxon Mobil Corporation,348.72,NAN
Kweichow Moutai Co. Ltd,348.22,NAN
"The Home Depot, Inc.",321.47,NAN
Chevron Corporation,315.13,NAN
Pfizer Inc.,300.79,NAN
AbbVie Inc.,294.27,NAN
Alibaba Group Holding Limited,290.40,NAN
ASML Holding N.V.,274.35,NAN
The Coca-Cola Company,273.20,NAN
Eli Lilly and Company,273.01,NAN
Broadcom Inc.,265.27,NAN
Costco Wholesale Corporation,258.15,NAN
Novo Nordisk A/S,257.24,NAN
Industrial & Commercial Bank of China Ltd,250.37,NAN
The Walt Disney Company,247.88,NAN
"PepsiCo, Inc.",241.05,NAN
"Cisco Systems, Inc.",238.45,NAN
Thermo Fisher Scientific Inc.,236.15,NAN
Oracle Corporation,228.18,NAN
L'Oréal SA,225.24,NAN
Accenture plc,219.03,NAN
Comcast Corporation,218.90,NAN
Verizon Communications Inc.,216.68,NAN
Abbott Laboratories,215.02,NAN
"Nike, Inc.",213.60,NAN
BHP Group,211.25,NAN
"Merck & Co., Inc.",210.38,NAN
Danaher Corporation,208.03,NAN
Sea Limited,62.66,NAN
"Uber Technologies, Inc.",62.66,NAN
Moody's Corporation,62.58,NAN
Nintendo Co Ltd,62.20,NAN
Pioneer Natural Resources Company,62.19,NAN
Eaton Corporation plc,62.17,NAN
"Analog Devices, Inc.",62.00,NAN
"Fidelity National Information Services, Inc.",61.73,NAN
"Banco Santander, SA",61.67,NAN
Hapag-Lloyd AG,61.46,NAN
Adyen N.V.,61.11,NAN
Atlas Copco AB,60.97,NAN
CNOOC Limited,60.19,NAN
Nutrien Ltd.,60.06,NAN
"Block, Inc.",59.95,NAN
Deutsche Post AG,59.80,NAN
"NetEase, Inc.",59.76,NAN
Hong Kong Exchanges & Clearing Ltd,59.75,NAN
Capital One Financial Corporation,59.67,NAN
Emerson Electric Co.,59.66,NAN
"Palo Alto Networks, Inc.",59.65,NAN
Australia and New Zealand Banking Group Limited,59.55,NAN
Reckitt Benckiser Group plc,,NAN
Nongfu Spring Co. Ltd,59.50,NAN
Saudi Telecom Company,59.47,NAN
Southern Copper Corporation,59.46,NAN
Shenzhen Mindray Bio-Medical Electronics Co. Ltd,59.26,NAN
Vinci SA,59.01,NAN
"Workday, Inc.",58.70,NAN
RELX plc,58.53,NAN
Marvell Technology Group Ltd.,58.36,NAN
"Air Products and Chemicals, Inc.",57.82,NAN
Pernod Ricard SA,57.75,NAN
Schlumberger Limited,57.63,NAN
"Marvell Technology, Inc.",57.62,NAN
Itaú Unibanco Holding SA,57.45,NAN
Enterprise Products Partners L.P.,57.43,NAN
Foshan Haitian Flavouring and Food Company Ltd,57.40,NAN
Mitsubishi Corp,57.23,NAN
Canadian Imperial Bank of Commerce,57.20,NAN
"Marriott International, Inc.",57.18,NAN
Pinduoduo Inc.,57.09,NAN
IHS Markit Ltd.,,NAN
The Saudi National Bank,56.89,NAN
TC Energy Corporation,56.77,NAN
Humana Inc.,56.55,NAN
KLA Corporation,56.48,NAN
Bank of Communications Co. Ltd,56.38,NAN
Bayerische Motoren Werke AG,56.17,NAN
Macquarie Group Limited,55.99,NAN
Sony Group Corporation,126.64,NAN
Rio Tinto Group,125.84,NAN
AIA Group Ltd,125.16,NAN
Lockheed Martin Corporation,124.98,NAN
Caterpillar Inc.,124.13,NAN
Anheuser-Busch InBev SA/NV,,NAN
Equinor ASA,122.74,NAN
Christian Dior SE,122.11,NAN
"Prologis, Inc.",121.20,NAN
"Applied Materials, Inc.",121.12,NAN
"Anthem, Inc.",119.80,NAN
International Business Machines Corporation,119.20,NAN
Unilever plc,117.84,NAN
"BlackRock, Inc.",115.98,NAN
HDFC Bank Limited,115.68,NAN
Diageo plc,115.58,NAN
American Tower Corporation (REIT),115.11,NAN
Siemens AG,114.66,NAN
Meituan,114.28,NAN
Keyence Corp,113.20,NAN
"The Goldman Sachs Group, Inc.",112.71,NAN
Transurban Group,110.79,NAN
"Industria de Diseño Textil, SA",,NAN
The Boeing Company,110.46,NAN
GlaxoSmithKline plc,109.98,NAN
Citigroup Inc.,109.56,NAN
Volkswagen AG,108.63,NAN
Starbucks Corporation,108.19,NAN
Vale SA,107.99,NAN
"ServiceNow, Inc.",107.99,NAN
Target Corporation,106.89,NAN
Infosys Limited,106.77,NAN
Al Rajhi Banking and Investment Corp,106.37,NAN
"Airbnb, Inc.",105.07,NAN
"Charter Communications, Inc.",104.97,NAN
BYD Co Ltd,104.42,NAN
Saudi Basic Industries Corp,104.00,NAN
Nippon Telegraph & Telephone Corp,103.75,NAN
"Altria Group, Inc.",102.98,NAN
British American Tobacco plc,101.44,NAN
Stryker Corporation,101.41,NAN
S&P Global Inc.,100.84,NAN
The Estée Lauder Companies Inc.,100.16,NAN
General Electric Company,99.22,NAN
Daimler AG,,NAN
Chubb Limited,98.57,NAN
Allianz SE,98.47,NAN
Petróleo Brasileiro S.A. - Petrobras,98.37,NAN
Airbus SE,97.41,NAN
China Life Insurance Company Limited,97.31,NAN
"Automatic Data Processing, Inc.",96.98,NAN
BP plc,96.24,NAN
China Shenhua Energy Company Ltd,95.34,NAN
Booking Holdings Inc.,95.02,NAN
Canadian National Railway Company,94.96,NAN
Enbridge Inc.,94.94,NAN
Schneider Electric SE,94.34,NAN
Deutsche Telekom AG,93.01,NAN
MERCK Kommanditgesellschaft auf Aktien,90.74,NAN
"Mondelez International, Inc.",90.67,NAN
"JD.com, Inc.",90.46,NAN
Vulcan International Corp,90.34,NAN
Zoetis Inc.,89.82,NAN
CSL Limited,89.69,NAN
3M Company,88.77,NAN
Duke Energy Corporation,88.76,NAN
Bank of Nova Scotia,87.76,NAN
The Blackstone Group Inc.,87.64,NAN
Brookfield Asset Management Inc.,87.46,NAN
Glencore plc,87.31,NAN
CME Group Inc.,87.17,NAN
"Marsh & McLennan Companies, Inc.",87.16,NAN
"Micron Technology, Inc.",86.49,NAN
"Mitsubishi UFJ Financial Group, Inc.",85.03,NAN
Cigna Corporation,84.67,NAN
Shopify Inc.,83.80,NAN
Air Liquide SA,83.24,NAN
"HCA Healthcare, Inc.",82.60,NAN
National Australia Bank Limited,81.03,NAN
Crown Castle International Corp. (REIT),80.92,NAN
EssilorLuxottica SA,80.49,NAN
U.S. Bancorp,80.16,NAN
Tokyo Electron Ltd,79.62,NAN
Bank of Montreal,79.22,NAN
Kering SA,78.66,NAN
China Yangtze Power Co. Ltd,78.42,NAN
China Petroleum & Chemical Corporation,78.39,NAN
The Southern Company,78.38,NAN
Lam Research Corporation,77.60,NAN
"The PNC Financial Services Group, Inc.",77.10,NAN
"Becton, Dickinson and Company",76.98,NAN
"Gilead Sciences, Inc.",76.15,NAN
"Regeneron Pharmaceuticals, Inc.",74.91,NAN
Truist Financial Corporation,74.79,NAN
Canadian Natural Resources Limited,74.78,NAN
"Intercontinental Exchange, Inc.",74.17,NAN
"The TJX Companies, Inc.",73.99,NAN
Atlassian Corporation Plc,73.72,NAN
Zurich Insurance Group AG,73.58,NAN
Edwards Lifesciences Corporation,73.38,NAN
Hitachi Ltd,48.92,NAN
Scentre Group,48.83,NAN
"MediaTek, Inc.",48.74,NAN
Lululemon Athletica Inc.,48.52,NAN
Dow Inc.,48.50,NAN
Rosneft Oil Co PJSC,48.50,NAN
McKesson Corporation,48.46,NAN
Suncor Energy Inc.,48.27,NAN
"VMware, Inc.",48.17,NAN
Johnson Controls International plc,48.15,NAN
"O'Reilly Automotive, Inc.",48.14,NAN
Grupo Mexico SAB de CV,48.00,NAN
"CrowdStrike Holdings, Inc.",47.89,NAN
Naspers Ltd,47.73,NAN
"Autodesk, Inc.",47.69,NAN
"Prudential Financial, Inc.",47.17,NAN
Open Joint Stock Company OMZ,47.15,NAN
Cognizant Technology Solutions Corporation,47.07,NAN
Nucor Corporation,46.86,NAN
"DexCom, Inc.",46.86,NAN
Banco Bradesco SA,46.71,NAN
Nidec Corp,46.33,NAN
adidas AG,46.13,NAN
Sika AG,46.01,NAN
"Baidu, Inc.",45.98,NAN
Takeda Pharmaceutical Company Limited,45.89,NAN
The Hershey Company,45.83,NAN
Amphenol Corporation,45.77,NAN
Vanjia Corp,,NAN
Vodafone Group plc,45.74,NAN
"IDEXX Laboratories, Inc.",45.64,NAN
"The Travelers Companies, Inc.",45.56,NAN
Infineon Technologies AG,45.35,NAN
"Constellation Brands, Inc.",45.21,NAN
"Datadog, Inc.",45.13,NAN
Mitsui & Co. Ltd,45.09,NAN
Saudi Arabian Mining Company ,45.00,NAN
PJSC Lukoil,44.96,NAN
Intesa Sanpaolo S.p.A.,44.95,NAN
TE Connectivity Ltd.,44.78,NAN
"AutoZone, Inc.",44.39,NAN
IQVIA Holdings Inc.,44.32,NAN
Cintas Corporation,44.32,NAN
"Cadence Design Systems, Inc.",44.23,NAN
"Chipotle Mexican Grill, Inc.",44.11,NAN
"Sumitomo Mitsui Financial Group, Inc.",44.06,NAN
"Samsung Biologics Co.,Ltd.",44.01,NAN
Wipro Limited,43.98,NAN
Zijin Mining Group Co Ltd,43.93,NAN
HP Inc.,43.90,NAN
Shell plc,207.68,NAN
Novartis AG,204.13,NAN
AstraZeneca plc,201.75,NAN
Intel Corporation,201.72,NAN
Wells Fargo & Company,200.01,NAN
Adobe Inc.,199.57,NAN
"salesforce.com, inc.",193.80,NAN
"United Parcel Service, Inc.",190.50,NAN
China Construction Bank Corp,189.37,NAN
McDonald's Corporation,186.57,NAN
China Merchants Bank Co Ltd,185.98,NAN
Contemporary Amperex Technology Co. Ltd,185.67,NAN
Union Pacific Corporation,184.19,NAN
AT&T Inc.,175.88,NAN
Qualcomm Incorporated,172.25,NAN
Texas Instruments Incorporated,171.28,NAN
Bristol-Myers Squibb Company,170.56,NAN
Prosus N.V.,170.00,NAN
Linde plc,166.07,NAN
"NextEra Energy, Inc.",165.53,NAN
Agricultural Bank of China Ltd,165.00,NAN
"T-Mobile US, Inc.",164.31,NAN
Morgan Stanley,164.05,NAN
"Netflix, Inc.",163.19,NAN
Royal Bank of Canada,159.74,NAN
The Charles Schwab Corporation,158.06,NAN
Philip Morris International Inc.,154.71,NAN
Medtronic plc,151.06,NAN
Raytheon Technologies Corporation,150.96,NAN
American Express Company,150.76,NAN
Hermès International SCA,148.98,NAN
Toronto-Dominion Bank,145.41,NAN
PetroChina Company Limited,144.50,NAN
Commonwealth Bank of Australia,144.32,NAN
"Lowe's Companies, Inc.",143.77,NAN
Amgen Inc.,141.72,NAN
Bank of China Ltd,141.22,NAN
HSBC Holdings plc,140.15,NAN
China Mobile Ltd,139.30,NAN
TotalEnergies SE,137.50,NAN
Honeywell International Inc.,136.48,NAN
ConocoPhillips,136.32,NAN
CVS Health Corporation,135.27,NAN
Ping An Insurance (Group) Company of China Ltd,134.25,NAN
SAP SE,134.19,NAN
"PayPal Holdings, Inc.",133.92,NAN
Sanofi,132.29,NAN
Deere & Company,130.31,NAN
"Advanced Micro Devices, Inc.",128.29,NAN
Intuit Inc.,126.77,NAN
Aon Plc,73.33,NAN
Northrop Grumman Corporation,73.25,NAN
KDDI Corp,73.12,NAN
Norfolk Southern Corporation,72.31,NAN
Freeport-McMoRan Inc.,72.16,NAN
Wal-Mart de Mexico SAB de CV,71.96,NAN
PT Bank Central Asia Tbk,71.91,NAN
"EOG Resources, Inc.",71.90,NAN
Siemens Healthineers AG,71.50,NAN
Anglo American plc,71.48,NAN
"Moderna, Inc.",70.81,NAN
General Dynamics Corporation,70.55,NAN
AXA SA,70.20,NAN
"Dominion Energy, Inc.",70.20,NAN
Enel SpA,70.15,NAN
BNP Paribas SA,69.90,NAN
"América Móvil, S.A.B. de C.V.",,NAN
Public Storage,69.31,NAN
UBS Group AG,68.93,NAN
Sberbank of Russia PJSC,68.69,NAN
"Fiserv, Inc.",68.68,NAN
"Iberdrola, SA",68.23,NAN
Recruit Holdings Co Ltd,68.11,NAN
Bayer AG,68.09,NAN
The Sherwin-Williams Company,67.54,NAN
Vertex Pharmaceuticals Incorporated,67.49,NAN
Illinois Tool Works Inc.,67.49,NAN
The Progressive Corporation,67.31,NAN
Westpac Banking Corporation,67.20,NAN
ABB Ltd,67.19,NAN
"Waste Management, Inc.",66.95,NAN
Industrial Bank Co. Ltd,66.87,NAN
DBS Group Holdings Ltd,66.74,NAN
ICICI Bank Limited,66.62,NAN
"Equinix, Inc. (REIT)",66.35,NAN
Newmont Corporation,65.89,NAN
Ford Motor Company,65.74,NAN
Colgate-Palmolive Company,65.64,NAN
Exelon Corporation,65.53,NAN
Snowflake Inc.,65.04,NAN
Oriental Land Co. Ltd,64.66,NAN
"SK hynix, Inc.",,NAN
AP Moller - Maersk A-S,64.40,NAN
Shin-Etsu Chemical Co Ltd,63.43,NAN
FedEx Corporation,63.25,NAN
Boston Scientific Corporation,63.08,NAN
PacifiCorp,62.87,NAN
Dassault Systèmes SE,62.75,NAN
"MetLife, Inc.",62.69,NAN
General Motors Company,62.69,NAN
National Grid plc,55.88,NAN
"Daikin Industries,Ltd.",55.58,NAN
Chugai Pharmaceutical Co. Ltd,55.31,NAN
Keurig Dr Pepper Inc.,55.28,NAN
Ergo Science Corp,,NAN
SoftBank Group Corp.,54.93,NAN
Heineken N.V.,54.87,NAN
Ambev SA,54.69,NAN
Canadian Pacific Railway Limited,54.59,NAN
Marathon Petroleum Corporation,54.54,NAN
"American International Group, Inc.",54.31,NAN
Dollar General Corporation,54.30,NAN
"Fortinet, Inc.",53.86,NAN
Snap Inc.,53.86,NAN
Ferrari N.V.,53.78,NAN
Lonza Group Ltd,53.76,NAN
London Stock Exchange Group plc,53.33,NAN
Thomson Reuters Corporation,53.30,NAN
BASF SE,52.76,NAN
Sempra Energy,52.47,NAN
Occidental Petroleum Corporation,52.30,NAN
"Liberty Bancshares, Inc. (OH)",,NAN
Fast Retailing Co. Ltd,52.29,NAN
NXP Semiconductors N.V.,52.28,NAN
"Xilinx, Inc.",,NAN
ITOCHU Corp,52.19,NAN
Eni S.p.A.,52.00,NAN
Stellantis N.V.,51.80,NAN
BCE Inc.,51.71,NAN
DENSO Corp,51.58,NAN
Toyota Motor Corporation,51.55,NAN
"L3Harris Technologies, Inc.",51.51,NAN
"AgriBank, FCB",,NAN
General Accident plc,51.43,NAN
Archer-Daniels-Midland Company,51.03,NAN
"American Electric Power Company, Inc.",50.95,NAN
Fortescue Metals Group Limited,50.76,NAN
Hon Hai Precision Industry Co. Ltd,50.75,NAN
China Tourism Group Duty Free Corp Ltd,50.46,NAN
Ecolab Inc.,50.29,NAN
Novatek PJSC,50.19,NAN
"Synopsys, Inc.",50.18,NAN
Safran SA,50.02,NAN
"Illumina, Inc.",49.91,NAN
"MercadoLibre, Inc.",49.83,NAN
"Roper Technologies, Inc.",49.66,NAN
The Kraft Heinz Company,49.42,NAN
Centene Corporation,49.32,NAN
"Paychex, Inc.",49.23,NAN
"Honda Motor Co., Ltd.",49.11,NAN
Lloyds Banking Group plc,43.70,NAN
"Simon Property Group, Inc.",43.69,NAN
Aflac Incorporated,43.59,NAN
Barrick Gold Corporation,43.50,NAN
Murata Manufacturing Co. Ltd,43.41,NAN
"Kinder Morgan, Inc.",43.38,NAN
Kimberly-Clark Corporation,43.21,NAN
Xiaomi Corp,43.10,NAN
Wesfarmers Limited,43.09,NAN
"Republic Services, Inc.",42.91,NAN
HOYA Corp,42.88,NAN
Yihai Kerry Arawana Holdings Co. Ltd,42.84,NAN
Monster Beverage Corporation,42.81,NAN
LONGi Green Energy Technology Co. Ltd,42.68,NAN
"Corteva, Inc.",42.66,NAN
"General Mills, Inc.",42.65,NAN
Seven & i Holdings Co. Ltd,42.53,NAN
DSV PANALPINA A-S,42.49,NAN
Hilton Worldwide Holdings Inc.,42.39,NAN
WuXi AppTec Co. Ltd,42.25,NAN
Sysco Corporation,42.22,NAN
The Kroger Co.,42.03,NAN
Manulife Financial Corporation,41.98,NAN
BioNTech SE,41.93,NAN
STMicroelectronics N.V.,41.91,NAN
Devon Energy Corporation,41.82,NAN
"The Williams Companies, Inc.",41.60,NAN
The Allstate Corporation,41.54,NAN
Hang Seng Bank Limited,41.47,NAN
Valero Energy Corporation,41.27,NAN
ING Groep N.V.,41.25,NAN
MMC Norilsk Nickel PJSC,41.16,NAN
"Motorola Solutions, Inc.",40.87,NAN
"East Money Information Co.,Ltd.",40.83,NAN
The Bank of New York Mellon Corporation,40.83,NAN
Carrier Global Corporation,40.79,NAN
Oversea-Chinese Banking Corp Ltd,40.77,NAN
"Digital Realty Trust, Inc.",40.64,NAN
"Walgreens Boots Alliance, Inc.",40.55,NAN
"Agilent Technologies, Inc.",40.49,NAN
Global Payments Inc.,40.35,NAN
CITIC Securities Company Ltd,40.17,NAN
Baxter International Inc.,40.13,NAN
BOC Hong Kong Holdings Ltd,39.99,NAN
MSCI Inc.,39.97,NAN
Welltower Inc.,39.96,NAN
Xcel Energy Inc.,39.76,NAN
United Overseas Bank Ltd,39.73,NAN
Wanhua Chemical Group Co. Ltd,39.73,NAN
"DuPont de Nemours, Inc.",39.72,NAN
EQT AB,39.71,NAN
Alimentation Couche-Tard Inc.,,NAN
eBay Inc.,39.34,NAN
Givaudan SA,39.29,NAN
Novozymes A-S,39.03,NAN
Prudential plc,39.00,NAN
Alcon Inc.,38.90,NAN
Ecopetrol SA,38.69,NAN
Baker Hughes Company,38.39,NAN
"Banco Bilbao Vizcaya Argentaria, SA",38.25,NAN
Dell Technologies Inc.,38.16,NAN
Kuaishou Technology,38.15,NAN
AB Volvo,38.13,NAN
Crédit Agricole SA,38.01,NAN
"Dollar Tree, Inc.",38.00,NAN
SBA Communications Corporation,37.93,NAN
Capgemini SE,37.82,NAN
Daiichi Sankyo Company Ltd,37.79,NAN
Compass Group plc,37.73,NAN
Sartorius Stedim Biotech SA,37.55,NAN
PT Bank Rakyat Indonesia (Persero) Tbk,,NAN
Phillips 66,37.51,NAN
Electronic Arts Inc.,37.38,NAN
Trane Technologies plc,37.36,NAN
SMC Corp,37.08,NAN
Parker-Hannifin Corporation,37.05,NAN
"Tokio Marine Holdings, Inc.",,NAN
Jiangsu Hengrui Medicine Co. Ltd,36.90,NAN
"Beijing-Shanghai High-Speed Railway Co.,Ltd.",36.90,NAN
Münchener Rückversicherungs-Gesellschaft Aktiengesellschaft in München,36.89,NAN
"DoorDash, Inc.",36.74,NAN
Shanghai Pudong Development Bank Co. Ltd,36.72,NAN
Constellation Software Inc.,36.67,NAN
Inner Mongolia Yili Industrial Group Co. Ltd,36.61,NAN
TELUS Corporation,36.37,NAN
Public Service Enterprise Group Incorporated,36.28,NAN
TransDigm Group Incorporated,36.14,NAN
"Waste Connections, Inc.",36.14,NAN
LyondellBasell Industries N.V.,35.96,NAN
Danone SA,35.93,NAN
"Cloudflare, Inc.",35.92,NAN
NIO Limited,35.86,NAN
"Coinbase Global, Inc.",35.86,NAN
"Shanxi Xinghuacun Fen Wine Factory Co.,Ltd.",35.84,NAN
Neste Oyj,35.57,NAN
ResMed Inc.,35.44,NAN
Experian plc,35.40,NAN
"Intuitive Surgical, Inc.",35.37,NAN
Woolworths Group Limited,35.33,NAN
MPLX LP,35.27,NAN
Telstra Corporation Limited,35.24,NAN
Hexagon AB ,35.21,NAN
Assicurazioni Generali,35.20,NAN
"AvalonBay Communities, Inc.",35.19,NAN
Imperial Oil Limited,35.13,NAN
"Yum! Brands, Inc.",35.12,NAN
Sun Hung Kai Properties Ltd,35.04,NAN
"Old Dominion Freight Line, Inc.",34.94,NAN
"Cheniere Energy, Inc.",34.92,NAN
"Consolidated Edison, Inc.",34.89,NAN
China CITIC Bank Corp Ltd,34.84,NAN
Budweiser Brewing Company APAC Ltd,34.73,NAN
ArcelorMittal,34.66,NAN
"Ameriprise Financial, Inc.",34.64,NAN
Fastenal Company,34.58,NAN
"Align Technology, Inc.",34.49,NAN
VERBUND AG,34.44,NAN
Sydney Airport Limited,,NAN
"Verisk Analytics, Inc.",34.39,NAN
Z Holdings Corp,34.24,NAN
Arthur J. Gallagher & Co.,34.22,NAN
Chongqing Zhifei Biological Products Co. Ltd,34.13,NAN
Equity Residential,34.11,NAN
"Chunghwa Telecom Co., Ltd.",34.06,NAN
"T. Rowe Price Group, Inc.",34.01,NAN
Halliburton Company,33.95,NAN
"Tyson Foods, Inc.",33.73,NAN
Discover Financial Services,33.73,NAN
Kuehne + Nagel International AG,33.69,NAN
FANUC Corp,33.68,NAN
MTR Corp Ltd,33.66,NAN
Poly Developments and Holdings Group Co. Ltd,33.64,NAN
KKR & Co. Inc.,33.49,NAN
"Mizuho Financial Group, Inc.",33.47,NAN
PTT PCL,33.46,NAN
Koninklijke Ahold Delhaize N.V.,33.43,NAN
China Vanke Co. Ltd,33.35,NAN
International Flavors & Fragrances Inc.,33.32,NAN
Telefonaktiebolaget LM Ericsson,33.29,NAN
China Resources Land Ltd,33.26,NAN
"Zoom Video Communications, Inc.",33.22,NAN
Otis Worldwide Corporation,33.09,NAN
Sun Life Financial Inc.,33.08,NAN
"Rockwell Automation, Inc.",33.05,NAN
Aptiv PLC,33.02,NAN
Cenovus Energy Inc.,33.02,NAN
Deutsche Börse AG,32.99,NAN
Orange SA,32.84,NAN
Hess Corporation,32.81,NAN
NatWest Group plc,32.72,NAN
"Ross Stores, Inc.",32.71,NAN
"WEC Energy Group, Inc.",32.54,NAN
AmerisourceBergen Corporation,32.51,NAN
China Overseas Land & Investment Ltd,32.49,NAN
WuXi Biologics ,32.41,NAN
CITIC Ltd,32.33,NAN
"Cellnex Telecom, SA",32.32,NAN
Haier Smart Home Co Ltd,32.31,NAN
Singapore Telecommunications Ltd,32.23,NAN
ANTA Sports Products Ltd,32.20,NAN
Barclays plc,32.19,NAN
Brown-Forman Corporation,32.07,NAN
WEG SA,32.05,NAN
PACCAR Inc,32.04,NAN
Great Wall Motor Co Ltd,32.01,NAN
Longfor Group Holdings Ltd,31.98,NAN
"JAPAN POST BANK Co.,Ltd.",31.93,NAN
"PPG Industries, Inc.",31.89,NAN
Perusahaan Perseroan (Persero) PT Telekomunikasi Indonesia Tbk,31.78,NAN
Mettler-Toledo International Inc.,31.78,NAN
"ONEOK, Inc.",31.66,NAN
Goodman Group,31.64,NAN
Corning Incorporated,31.60,NAN
"Japan Tobacco, Inc.",31.59,NAN
Foxconn Industrial Internet Co. Ltd,31.58,NAN
Eversource Energy,31.56,NAN
China Telecom Corp Ltd,31.49,NAN
CRH plc,31.45,NAN
Japan Post Holdings Co. Ltd,31.41,NAN
Biogen Inc.,31.35,NAN
Swisscom AG,31.26,NAN
Koninklijke DSM N.V.,31.25,NAN
Formosa Petrochemical Corp,31.22,NAN
Zhangzhou Pientzehuang Pharmaceutical. Ltd,31.17,NAN
"AMETEK, Inc.",31.15,NAN
E.ON SE,31.12,NAN
China Pacific Insurance ,31.04,NAN
"Zscaler, Inc.",31.03,NAN
Anhui Conch Cement Company Ltd,31.02,NAN
Franco-Nevada Corporation,31.00,NAN
Engie SA,31.00,NAN
State Street Corporation,30.95,NAN
SAIC Motor Corp Ltd,30.93,NAN
Nokia Corporation,30.91,NAN
"Twitter, Inc.",30.83,NAN
Veeva Systems Inc.,30.76,NAN
Loblaw Companies Limited,30.70,NAN
Energy Transfer LP,30.69,NAN
Henkel AG & Co KGaA,30.53,NAN
"Coupang, Inc.",30.53,NAN
Ferguson plc,30.52,NAN
BAE Systems plc,30.51,NAN
Fifth Third Bancorp,30.46,NAN
"CBRE Group, Inc.",30.45,NAN
"American Water Works Company, Inc.",30.43,NAN
Fujitsu Ltd,30.28,NAN
"West Pharmaceutical Services, Inc.",30.23,NAN
Compagnie de Saint-Gobain SA,30.16,NAN
"Alexandria Real Estate Equities, Inc.",30.10,NAN
ASSA ABLOY AB ,30.05,NAN
Cummins Inc.,29.94,NAN
Vestas Wind Systems A-S,29.93,NAN
Riyad Bank,29.86,NAN
Willis Towers Watson plc,,NAN
"Match Group, Inc.",29.82,NAN
KBC Group NV,29.81,NAN
UniCredit S.p.A.,,NAN
Cathay Financial Holding Co. Ltd,29.58,NAN
"Copart, Inc.",29.58,NAN
Spotify Technology SA,29.56,NAN
"Nasdaq, Inc.",29.52,NAN
Weyerhaeuser Company,29.42,NAN
Saudi Electricity Company,29.42,NAN
Ball Corporation,29.40,NAN
"Keysight Technologies, Inc.",29.40,NAN
"Astellas Pharma, Inc.",29.22,NAN
"Amadeus IT Group, SA",29.19,NAN
Electricité de France SA,29.17,NAN
Rogers Communications Inc.,29.13,NAN
Tongwei Co. Ltd,29.10,NAN
Las Vegas Sands Corp.,29.07,NAN
RWE AG,29.06,NAN
COSCO SHIPPING Holdings Co Ltd,28.93,NAN
SVB Financial Group,28.91,NAN
CSX Corporation,28.90,NAN
Techtronic Industries Company Ltd,28.75,NAN
"Naturgy Energy Group, SA",28.71,NAN
APA Group,28.55,NAN
Hormel Foods Corporation,28.52,NAN
Cerner Corporation,28.31,NAN
Ashtead Group plc,28.28,NAN
Equifax Inc.,28.24,NAN
Semiconductor Manufacturing International Corp,28.24,NAN
Porsche Automobil Holding SE,28.15,NAN
Tesco plc,28.11,NAN
Sirius XM Holdings Inc.,28.05,NAN
Airports of Thailand Public Company Ltd,28.00,NAN
CK Hutchison Holdings Ltd,27.94,NAN
The People's Insurance Company (Group) of China Ltd,27.93,NAN
"Expedia Group, Inc.",27.91,NAN
First Republic Bank,27.90,NAN
Koninklijke Philips N.V.,27.89,NAN
Great-West Lifeco Inc.,27.85,NAN
Thai Beverage Public Company Ltd,27.81,NAN
Swiss Re AG,27.80,NAN
Edison International,27.67,NAN
Wolters Kluwer N.V.,27.65,NAN
ON Semiconductor Corporation,27.63,NAN
"CaixaBank, SA",27.58,NAN
Sampo Oyj,27.46,NAN
Extra Space Storage Inc.,27.37,NAN
Sartorius AG,27.35,NAN
"D.R. Horton, Inc.",27.34,NAN
"W.W. Grainger, Inc.",27.33,NAN
NARI Technology Co. Ltd,27.33,NAN
KONE Oyj,27.29,NAN
"McCormick & Company, Incorporated",27.29,NAN
NTT Data Corp,27.26,NAN
Ganfeng Lithium Co. Ltd,27.25,NAN
Will Semiconductor Co. Ltd,27.24,NAN
"Interactive Brokers Group, Inc.",27.22,NAN
Gazprom Neft PJSC,27.14,NAN
Fubon Financial Holding Co. Ltd,27.13,NAN
Tractor Supply Company,27.09,NAN
Chocoladefabriken Lindt & Sprüngli AG,27.08,NAN
"ANSYS, Inc.",26.98,NAN
Shaanxi Coal Industry Company Ltd,26.95,NAN
Aier Eye Hospital Group Co. Ltd,26.95,NAN
"Zimmer Biomet Holdings, Inc.",26.94,NAN
Bridgestone Corp,26.88,NAN
Evolution Gaming Group AB,26.82,NAN
Beijing Wantai Biological Pharmacy Enterprise Co. Ltd,26.80,NAN
Vonovia SE,26.78,NAN
Sandvik AB,26.71,NAN
"Cheniere Energy Partners, L.P.",26.68,NAN
PG&E Corporation,26.66,NAN
Kansas City Southern,,NAN
Unity Software Inc.,26.56,NAN
Thales SA,26.55,NAN
Southwest Airlines Co.,26.52,NAN
DTE Energy Company,26.41,NAN
Intact Financial Corporation,26.40,NAN
Deutsche Bank AG,26.38,NAN
Canon Inc.,26.38,NAN
"LYONDELLBASELL ADVANCED POLYMERS, Inc.",26.38,NAN
National Bank of Canada,26.29,NAN
Sonova Holding AG,26.22,NAN
Realty Income Corporation,26.18,NAN
China Everbright Bank Company Ltd,26.13,NAN
Twilio Inc.,26.09,NAN
Roblox Corp,26.05,NAN
"Telefónica, SA",26.04,NAN
Central Japan Railway Co,26.00,NAN
Li Auto Inc.,25.83,NAN
EnBW Energie Baden-Wuerttemberg AG,25.82,NAN
"The Hartford Financial Services Group, Inc.",25.76,NAN
Laboratory Corporation of America Holdings,25.75,NAN
"MongoDB, Inc.",25.73,NAN
Mitsubishi Electric Corporation,25.61,NAN
Banco Santander (Brasil) SA,25.59,NAN
Axis Bank Ltd,25.54,NAN
"United Rentals, Inc.",25.46,NAN
Nan Ya Plastics Corp,25.41,NAN
Lennar Corporation,25.34,NAN
Straumann Holding AG,25.31,NAN
CLP Holdings Ltd,25.29,NAN
Yanzhou Coal Mining Company Ltd,25.26,NAN
FirstEnergy Corp.,25.26,NAN
Albemarle Corporation,25.25,NAN
CK Asset Holdings Limited,25.21,NAN
"Enphase Energy, Inc.",25.20,NAN
Legrand SA,25.19,NAN
Galaxy Entertainment Group Ltd,25.17,NAN
Skandinaviska Enskilda Banken AB,25.15,NAN
The Mosaic Company,25.09,NAN
CDW Corporation,25.04,NAN
"Gartner, Inc.",25.03,NAN
"EDP Renováveis, SA",,NAN
"Delta Air Lines, Inc.",24.92,NAN
Palantir Technologies Inc.,24.91,NAN
Seagen Inc.,24.87,NAN
"Diamondback Energy, Inc.",24.84,NAN
"VeriSign, Inc.",24.81,NAN
"Church & Dwight Co., Inc.",24.81,NAN
Ameren Corporation,24.79,NAN
China Minsheng Banking Corp Ltd,24.65,NAN
"Live Nation Entertainment, Inc.",24.61,NAN
Woodside Petroleum Ltd,24.60,NAN
Evergreen Marine Corp ,24.49,NAN
"Aena S.M.E., SA",24.45,NAN
XPeng Inc.,24.44,NAN
Northern Trust Corporation,24.42,NAN
"Slack Technologies, Inc.",,NAN
"Mid-America Apartment Communities, Inc.",24.18,NAN
Fresenius SE & Co KGaA,24.12,NAN
FUJIFILM Holdings Corp,24.12,NAN
BT Group plc,24.09,NAN
Vulcan Materials Company,24.08,NAN
Epiroc AB ,24.08,NAN
"Delta Electronics, Inc.",24.05,NAN
Public Joint Stock Company Polyus,,NAN
Schindler Holding AG,24.02,NAN
ORIX Corporation,23.97,NAN
"Martin Marietta Materials, Inc.",23.94,NAN
CSC Financial Co. Ltd,23.94,NAN
"Best Buy Co., Inc.",23.93,NAN
STERIS plc,23.93,NAN
Entergy Corporation,23.92,NAN
"M3, Inc.",23.89,NAN
Splunk Inc.,23.84,NAN
EVE Energy Co. Ltd,23.82,NAN
"Ventas, Inc.",23.81,NAN
"Endesa, SA",23.78,NAN
SSE plc,23.73,NAN
Compagnie Générale des Etablissements Michelin SCA,23.65,NAN
Horizon Therapeutics Public Limited Company,23.64,NAN
Baoshan Iron & Steel Co. Ltd,23.59,NAN
"Stanley Black & Decker, Inc.",23.57,NAN
Sungrow Power Supply Co. Ltd,23.55,NAN
Beiersdorf AG,23.51,NAN
PT Bank Mandiri (Persero) Tbk,,NAN
First Quantum Minerals Ltd.,23.47,NAN
Kubota Corp,23.46,NAN
MTN Group Ltd,23.45,NAN
"Maxim Integrated Products, Inc.",,NAN
"Rocket Companies, Inc.",23.44,NAN
Fortis Inc.,23.43,NAN
Formosa Plastics Corp,23.42,NAN
Liberty Broadband Corporation,23.40,NAN
United Microelectronics Corporation,23.35,NAN
Garmin Ltd.,23.35,NAN
Huazhu Group Limited,23.34,NAN
Carnival Corporation & plc,23.29,NAN
Sany Heavy Industry Co. Ltd,23.27,NAN
Fox Corporation,23.26,NAN
Wens Foodstuff Group Co. Ltd,23.20,NAN
Société Générale SA,23.18,NAN
Terumo Corp,23.16,NAN
China International Capital Corp Ltd,23.13,NAN
Invitation Homes Inc.,23.09,NAN
Royalty Pharma plc,23.04,NAN
Olympus Corp,23.00,NAN
V.F. Corporation,22.96,NAN
Dover Corporation,22.94,NAN
PPL Corporation,22.87,NAN
"Hengli Petrochemical Co.,Ltd.",22.86,NAN
Genmab A/S,22.83,NAN
SABIC Agri-Nutrients Company,22.78,NAN
Heineken Holding N.V.,22.78,NAN
East Japan Railway Company,22.78,NAN
Sociedad Química y Minera de Chile SA,22.77,NAN
Eurofins Scientific SE,,NAN
Panasonic Corp,22.73,NAN
UCB SA,22.71,NAN
Shanghai International Port ,22.65,NAN
Hewlett Packard Enterprise Company,22.65,NAN
Kellogg Company,22.63,NAN
PICC Property and Casualty Company Ltd,22.62,NAN
Grupo Financiero Banorte SAB de CV,22.60,NAN
Komatsu Ltd,22.56,NAN
The Hong Kong and China Gas Company Ltd,22.54,NAN
Coca-Cola Europacific Partners plc,22.53,NAN
"Essex Property Trust, Inc.",22.51,NAN
EMS-CHEMIE HOLDING AG,22.48,NAN
"Okta, Inc.",22.45,NAN
China National Nuclear Power Co. Ltd,22.42,NAN
Sumitomo Corp,22.42,NAN
Tata Motors Limited,22.38,NAN
Banco do Brasil SA,22.36,NAN
Hennes & Mauritz AB,22.33,NAN
"Bio-Rad Laboratories, Inc.",,NAN
Teleperformance SE,22.30,NAN
"Fomento Económico Mexicano, S.A.B. de C.V.",,NAN
"Huntington Bancshares, Inc.",22.26,NAN
"Continental Resources, Inc.",22.25,NAN
CRRC Corp Ltd,22.21,NAN
"Skyworks Solutions, Inc.",22.17,NAN
XP Inc.,,NAN
Unicharm Corp,22.08,NAN
ZTO Express (Cayman) Inc.,22.05,NAN
Geberit AG,22.03,NAN
Toyota Industries Corp,21.99,NAN
Cincinnati Financial Corporation,21.99,NAN
"CF Industries Holdings, Inc.",21.95,NAN
NIBE Industrier AB ,21.93,NAN
CNH Industrial N.V.,21.93,NAN
Huntington Bancshares Incorporated,21.93,NAN
Duke Realty Corporation,21.93,NAN
Restaurant Brands International Limited Partnership,,NAN
"Monolithic Power Systems, Inc.",21.87,NAN
Zebra Technologies Corporation,21.87,NAN
"Ulta Beauty, Inc.",21.82,NAN
"Dai-ichi Life Holdings, Inc.",21.76,NAN
M&T Bank Corporation,21.74,NAN
KeyCorp,21.71,NAN
Teledyne Technologies Incorporated,21.65,NAN
"B3 S.A. - Brasil, Bolsa, Balcao",21.58,NAN
"Contura Energy, Inc.",21.57,NAN
"Shimano, Inc.",21.51,NAN
Power Corporation of Canada,21.48,NAN
"J.B. Hunt Transport Services, Inc.",21.48,NAN
Mitsui Fudosan Co. Ltd,21.46,NAN
The Saudi British Bank,21.45,NAN
SGS SA,21.43,NAN
Teck Resources Limited,21.41,NAN
Rede D'Or São Luiz SA,21.40,NAN
NEXON Co. Ltd,21.36,NAN
"The Cooper Companies, Inc.",21.35,NAN
Legal & General Group plc,21.34,NAN
Regions Financial Corporation,21.32,NAN
Wheaton Precious Metals Corp.,21.26,NAN
ZoomInfo Technologies Inc.,21.23,NAN
ViacomCBS Inc.,,NAN
China Northern Rare Earth ,21.21,NAN
Seagate Technology plc,21.21,NAN
China Mengniu Dairy Co Ltd,21.17,NAN
Ingersoll Rand Inc.,21.13,NAN
SEGRO plc,21.08,NAN
Yandex N.V.,,NAN
Microchip Technology Incorporated,21.03,NAN
"HubSpot, Inc.",20.93,NAN
"FLEETCOR Technologies, Inc.",20.92,NAN
Fortive Corporation,20.88,NAN
AppLovin Corp,20.86,NAN
Royal Caribbean Cruises Ltd.,20.81,NAN
Repsol SA,20.80,NAN
Marubeni Corp,20.78,NAN
Standard Chartered plc,20.78,NAN
Li Ning Co Ltd,20.75,NAN
CMS Energy Corporation,20.73,NAN
STERIS Corp,,NAN
Advanced Info Service PCL,20.65,NAN
Kyocera Corp,20.62,NAN
Pembina Pipeline Corporation,20.61,NAN
Flutter Entertainment plc,20.58,NAN
Sojitz Corp,20.55,NAN
"Boston Properties, Inc.",20.54,NAN
Synchrony Financial,20.43,NAN
Alinma Bank,20.41,NAN
Investment AB Latour,20.39,NAN
Mitsubishi Estate Co. Ltd,20.39,NAN
Guotai Junan Securities Co. Ltd,20.39,NAN
Nippon Paint Holdings Co. Ltd,20.38,NAN
Carvana Co.,20.33,NAN
Markel Corporation,20.30,NAN
"Brown & Brown, Inc.",20.27,NAN
Nomura Research Institute Ltd,20.26,NAN
MGM Resorts International,20.22,NAN
Mega Financial Holding Co. Ltd,20.21,NAN
Telefônica Brasil SA,20.19,NAN
Swiss Life Holding AG,20.16,NAN
Telenor ASA,20.15,NAN
China Railway Group Ltd,20.15,NAN
CTBC Financial Holding Co. Ltd,20.15,NAN
Imperial Brands plc,20.14,NAN
"Principal Financial Group, Inc.",20.13,NAN
Norsk Hydro ASA,20.10,NAN
"PerkinElmer, Inc.",20.05,NAN
Hannover Rück SE,20.02,NAN
"Sun Communities, Inc.",19.98,NAN
Tradeweb Markets Inc.,19.98,NAN
Trina Solar Co. Ltd,19.94,NAN
Vedanta Limited,19.93,NAN
"Paycom Software, Inc.",19.87,NAN
Klabin SA,,NAN
Kao Corp,19.85,NAN
"Teradyne, Inc.",19.85,NAN
China Resources Beer (Holdings) Company Ltd,19.84,NAN
China Communications Construction Co Ltd,19.83,NAN
Aviva plc,19.82,NAN
Standard Bank Group Ltd,19.82,NAN
Ryanair Holdings plc,,NAN
"Hologic, Inc.",19.75,NAN
Kerry Group plc,19.74,NAN
Renesas Electronics Corp,19.73,NAN
Brookfield Infrastructure Partners L.P.,19.70,NAN
Shiseido Co Ltd,19.69,NAN
CGI Inc.,19.67,NAN
Henderson Land Development Co Ltd,19.67,NAN
"Bill.com Holdings, Inc.",19.65,NAN
Shanghai Fosun Pharmaceutical ,19.63,NAN
"Akamai Technologies, Inc.",19.59,NAN
China Tower Corp Ltd,19.55,NAN
"Huatai Securities Co., Ltd.",19.55,NAN
Marathon Oil Corporation,19.54,NAN
Arch Capital Group Ltd.,19.54,NAN
TransUnion,19.53,NAN
JBS SA,19.53,NAN
Shenzhou International Group Holdings Ltd,19.50,NAN
"Avantor, Inc.",19.48,NAN
"Molina Healthcare, Inc.",19.46,NAN
"Ferrovial, SA",19.44,NAN
EDP - Energias de Portugal SA,19.43,NAN
Fresenius Medical Care AG & Co. KGaA,19.42,NAN
Svenska Handelsbanken AB,19.42,NAN
KB Financial Group Inc.,19.39,NAN
Magna International Inc.,19.36,NAN
Snam S.p.A.,19.27,NAN
CGN Power Co. Ltd,19.25,NAN
Croda International plc,,NAN
Warner Music Group Corp.,19.21,NAN
Zhejiang Huayou Cobalt Co. Ltd,19.20,NAN
"SS&C Technologies Holdings, Inc.",19.15,NAN
Carlsberg A-S,19.12,NAN
NICE Ltd.,,NAN
Waters Corporation,19.11,NAN
Otsuka Holdings Co. Ltd,19.03,NAN
Tenaris SA,18.98,NAN
"Citizens Financial Group, Inc.",18.95,NAN
Check Point Software Technologies Ltd.,18.94,NAN
Toshiba Corp,18.93,NAN
"LG Electronics, Inc.",18.91,NAN
Astra International Tbk PT,18.90,NAN
Omnicom Group Inc.,18.80,NAN
"Aecc Aviation Power Co.,Ltd",18.79,NAN
International Paper Company,,NAN
Scottish Mortgage Investment Trust plc,18.78,NAN
George Weston Limited,18.77,NAN
"NetApp, Inc.",18.76,NAN
"Healthpeak Properties, Inc.",18.76,NAN
"MS&AD Insurance Group Holdings, Inc.",18.75,NAN
The Liberty SiriusXM Group,18.74,NAN
Credit Suisse Group AG,18.72,NAN
Air China Ltd,18.72,NAN
Power Construction Corp of China Ltd,18.69,NAN
"JD Health International, Inc.",18.69,NAN
South32 Limited,18.67,NAN
"Huaneng Power International, Inc.",18.57,NAN
Sands China Ltd,18.52,NAN
HEICO Corporation,18.49,NAN
GF Securities Co. Ltd,18.44,NAN
Genuine Parts Company,18.41,NAN
Vodacom Group Ltd,18.41,NAN
"Take-Two Interactive Software, Inc.",18.35,NAN
China Merchants Securities Co. Ltd,18.35,NAN
"Alnylam Pharmaceuticals, Inc.",18.33,NAN
Aeon Co. Ltd,18.32,NAN
Link Real Estate Investment Trust,18.27,NAN
Shionogi & Co. Ltd,18.27,NAN
Ubiquiti Inc.,18.25,NAN
"Quanta Services, Inc.",18.25,NAN
"Catalent, Inc.",18.24,NAN
Haitong Securities Co. Ltd,18.23,NAN
Asahi Group Holdings Ltd,18.21,NAN
Capitec Bank Holdings Ltd,18.21,NAN
Restaurant Brands International Inc.,18.19,NAN
"Yum China Holdings, Inc.",18.18,NAN
CEZ AS,,NAN
Veolia Environnement SA,18.14,NAN
"Avis Budget Group, Inc.",18.12,NAN
